pr_id,risk_score,ground_truth,evaluation_result
84,84.5,DEFECT_INDUCING,TRUE_POSITIVE
13,83.8,DEFECT_INDUCING,TRUE_POSITIVE
12,83.7,DEFECT_INDUCING,TRUE_POSITIVE
16,83.7,DEFECT_INDUCING,TRUE_POSITIVE
18,83.7,DEFECT_INDUCING,TRUE_POSITIVE
17,83.6,DEFECT_INDUCING,TRUE_POSITIVE
14,83.5,DEFECT_INDUCING,TRUE_POSITIVE
22,81,DEFECT_INDUCING,TRUE_POSITIVE
23,79.4,DEFECT_INDUCING,TRUE_POSITIVE
21,79.3,DEFECT_INDUCING,TRUE_POSITIVE
95,77.2,NON_DEFECT_INDUCING,FALSE_POSITIVE
96,69.7,DEFECT_INDUCING,TRUE_POSITIVE
85,68.8,DEFECT_INDUCING,TRUE_POSITIVE
83,64.7,DEFECT_INDUCING,TRUE_POSITIVE
82,57.3,DEFECT_INDUCING,TRUE_POSITIVE
25,40.6,DEFECT_INDUCING,TRUE_POSITIVE
86,22.7,NON_DEFECT_INDUCING,TRUE_NEGATIVE
87,22.7,NON_DEFECT_INDUCING,TRUE_NEGATIVE
81,22.1,NON_DEFECT_INDUCING,TRUE_NEGATIVE
93,21.4,NON_DEFECT_INDUCING,TRUE_NEGATIVE
15,20.5,NON_DEFECT_INDUCING,TRUE_NEGATIVE
19,19.9,NON_DEFECT_INDUCING,TRUE_NEGATIVE
4,19.3,NON_DEFECT_INDUCING,TRUE_NEGATIVE
1,13.2,NON_DEFECT_INDUCING,TRUE_NEGATIVE
2,13.2,NON_DEFECT_INDUCING,TRUE_NEGATIVE
5,13.2,NON_DEFECT_INDUCING,TRUE_NEGATIVE
92,13,NON_DEFECT_INDUCING,TRUE_NEGATIVE
24,12.9,NON_DEFECT_INDUCING,TRUE_NEGATIVE
94,12.4,NON_DEFECT_INDUCING,TRUE_NEGATIVE
3,9.8,NON_DEFECT_INDUCING,TRUE_NEGATIVE
20,9.2,NON_DEFECT_INDUCING,TRUE_NEGATIVE
91,4.5,NON_DEFECT_INDUCING,TRUE_NEGATIVE
90,4.4,NON_DEFECT_INDUCING,TRUE_NEGATIVE
80,3.5,NON_DEFECT_INDUCING,TRUE_NEGATIVE
88,3.4,NON_DEFECT_INDUCING,TRUE_NEGATIVE
89,3.4,NON_DEFECT_INDUCING,TRUE_NEGATIVE